StudyID;N;r;rxxi;ryyi
1;24;0.4;0.606563873;0.575586517
2;32;0.8;0.19773143;0.020372741
3;23;0.5;0.73852861;0.168826202
4;12;0.55;0.895240322;0.961797477
5;32;0.8;0.242069495;0.456040131
